<?xml version="1.0" encoding="UTF-8"?>
<site>
   <description url="http://subclipse.tigris.org/update_1.10.x">
      Eclipse Install/Update site for Subclipse
   </description>
   <feature url="features/org.tigris.subversion.subclipse.mylyn_3.0.0.jar" id="org.tigris.subversion.subclipse.mylyn" version="3.0.0">
      <category name="Subclipse"/>
   </feature>
   <feature url="features/org.tigris.subversion.subclipse.graph.feature_1.1.1.jar" id="org.tigris.subversion.subclipse.graph.feature" version="1.1.1">
      <category name="Subclipse"/>
   </feature>
   <feature url="features/com.collabnet.subversion.merge.feature_4.0.2.jar" id="com.collabnet.subversion.merge.feature" version="4.0.2">
      <category name="Subclipse"/>
   </feature>
   <feature url="features/org.tigris.subversion.clientadapter.feature_1.10.1.jar" id="org.tigris.subversion.clientadapter.feature" version="1.10.1">
      <category name="Subclipse"/>
   </feature>
   
   <feature url="features/org.tmatesoft.svnkit_1.8.5.r10237_v20140319_1934.jar" id="org.tmatesoft.svnkit" version="1.8.5.r10237_v20140319_1934">
      <category name="SVNKit"/>
   </feature>

   <feature url="features/net.java.dev.jna_3.5.2" id="net.java.dev.jna" version="3.5.2">
      <category name="SVNKit"/>
   </feature>

   <feature url="features/org.tigris.subversion.clientadapter.svnkit.feature_1.8.9.jar" id="org.tigris.subversion.clientadapter.svnkit.feature" version="1.8.9">
      <category name="SVNKit"/>
   </feature>
   
   <feature url="features/org.tigris.subversion.clientadapter.javahl.feature_1.8.9.jar" id="org.tigris.subversion.clientadapter.javahl.feature" version="1.8.9">
      <category name="Subclipse"/>
   </feature>

   <feature url="features/org.tigris.subversion.subclipse_1.10.5.jar" id="org.tigris.subversion.subclipse" version="1.10.5">
      <category name="Subclipse"/>
   </feature>

   <category-def name="Subclipse" label="Subclipse">
      <description>
         Subversion 1.8 plug-in for Eclipse 3.2 and higher.
      </description>
   </category-def>
   <category-def name="SVNKit" label="SVNKit">
      <description>
         SVNKit Library support for Subversion 1.8.x API
      </description>
   </category-def>
</site>
